Workbook

Sheet 概览看板
A1: 保研院校申请概览
A3: 总目标数 | B3: =COUNTA(院校信息总表!D2:D300) -> 3 | D3: 优先级 | E3: 数量 | G3: 申请状态 | H3: 数量
A4: 已报名 | B4: =COUNTIF(院校信息总表!C2:C300,"已报名") -> 0 | D4: 冲刺 | E4: =COUNTIF(院校信息总表!B2:B300,D4) -> 1 | G4: 待关注 | H4: =COUNTIF(院校信息总表!C2:C300,G4) -> 1
A5: 已入营/入围 | B5: =COUNTIF(院校信息总表!C2:C300,"已入营/入围") -> 0 | D5: 重点 | E5: =COUNTIF(院校信息总表!B2:B300,D5) -> 0 | G5: 准备材料 | H5: =COUNTIF(院校信息总表!C2:C300,G5) -> 1
A6: 拟录取 | B6: =COUNTIF(院校信息总表!C2:C300,"拟录取") -> 0 | D6: 稳妥 | E6: =COUNTIF(院校信息总表!B2:B300,D6) -> 1 | G6: 已套磁 | H6: =COUNTIF(院校信息总表!C2:C300,G6) -> 0
A7: 7天内提醒 | B7: =COUNTIFS(院校信息总表!AB2:AB300,"<="&TODAY()+7,院校信息总表!AB2:AB300,">="&TODAY()) -> 0 | D7: 保底 | E7: =COUNTIF(院校信息总表!B2:B300,D7) -> 1 | G7: 已报名 | H7: =COUNTIF(院校信息总表!C2:C300,G7) -> 0
G8: 已入营/入围 | H8: =COUNTIF(院校信息总表!C2:C300,G8) -> 0
A9: 套磁总数 | B9: =COUNTA(套磁情况!D2:D300) -> 11 | G9: 已面试 | H9: =COUNTIF(院校信息总表!C2:C300,G9) -> 0
A10: 积极/已约面谈 | B10: =COUNTIF(套磁情况!G2:G300,"积极")+COUNTIF(套磁情况!G2:G300,"已约面谈") -> 0 | G10: 拟录取 | H10: =COUNTIF(院校信息总表!C2:C300,G10) -> 0
A11: 需跟进 | B11: =COUNTIF(套磁情况!G2:G300,"需跟进") -> 0 | G11: 未通过 | H11: =COUNTIF(院校信息总表!C2:C300,G11) -> 0
A12: 3天内跟进 | B12: =COUNTIFS(套磁情况!#REF!,"<="&TODAY()+3,套磁情况!#REF!,">="&TODAY()) -> #REF! | G12: 放弃 | H12: =COUNTIF(院校信息总表!C2:C300,G12) -> 0

Sheet 院校信息总表
A1: 序号 | B1: 优先级 | C1: 申请状态 | D1: 院校 | E1: 学院/项目 | F1: 学科/方向 | G1: 城市 | H1: 院校层次 | I1: 目标导师/课题组 | J1: 导师匹配度 | K1: 招生类型 | L1: 申请批次 | M1: 报名开始 | N1: 报名截止 | O1: 考核时间 | P1: 材料清单 | Q1: 材料完成度 | R1: 考核形式 | S1: 英语要求 | T1: 科研/竞赛要求 | U1: 往年入营/入围参考 | V1: 录取难度 | W1: 优势匹配点 | X1: 主要风险 | Y1: 官网/通知链接 | Z1: 联系人/邮箱 | AA1: 下一步行动 | AB1: 提醒日期 | AC1: 备注
A2: 1 | B2: 冲刺 | C2: 待关注 | D2: 清华大学 | E2: 软件学院 | F2: 人工智能/计算机视觉 | G2: 北京 | H2: C9/985 | I2: 待确认 | J2: 中 | K2: 学硕/专硕 | L2: 夏令营 | M2: 2026-05-20 | N2: 2026-06-15 | O2: 2026-07-05 | P2: 成绩单、排名证明、简历、个人陈述、推荐信、科研证明 | Q2: 40% | R2: 材料初审+面试 | S2: 六级/雅思/托福 | T2: 论文/项目经历优先 | U2: 参考学院往年通知 | V2: 高 | W2: 科研方向契合，项目经历可突出 | X2: 竞争激烈，需提前联系导师 | AA2: 整理导师名单并发送套磁邮件 | AB2: 2026-05-18 | AC2: 示例，可替换
A3: 2 | B3: 稳妥 | C3: 准备材料 | D3: 浙江大学 | E3: 计算机科学与技术学院 | F3: 大数据/机器学习 | G3: 杭州 | H3: C9/985 | I3: 待确认 | J3: 高 | K3: 直博/硕士 | L3: 预推免 | M3: 2026-08-20 | N3: 2026-09-10 | O3: 2026-09-18 | P3: 简历、成绩单、排名证明、英语成绩、获奖证明 | Q3: 60% | R3: 机试+面试 | S3: 六级优先 | T3: 算法与工程项目经历 | U3: 参考学院往年通知 | V3: 中 | W3: 方向匹配度高，城市偏好强 | X3: 机试需提前训练 | AA3: 补充项目介绍页与机试刷题计划 | AB3: 2026-08-10 | AC3: 示例，可替换
A4: 3 | B4: 保底 | C4: 待报名 | D4: 南京大学 | E4: 人工智能学院 | F4: 智能软件/深度学习 | G4: 南京 | H4: 985 | I4: 待确认 | J4: 中 | K4: 硕士 | L4: 九推 | M4: 2026-09-20 | N4: 2026-09-25 | O4: 2026-09-28 | P4: 推免系统信息、复试材料 | Q4: 20% | R4: 面试 | S4: 六级 | T4: 科研经历加分 | U4: 参考学院往年通知 | V4: 中低 | W4: 综合背景较匹配 | X4: 九推名额不确定 | AA4: 关注推免系统开放与学院通知 | AB4: 2026-09-15 | AC4: 示例，可替换

Sheet 套磁情况
A1: 序号 | B1: 院校 | C1: 学院/项目 | D1: 导师姓名 | E1: 研究方向 | F1: 导师主页/课题组链接 | G1: 套磁状态 | H1: 首次联系日期 | I1: 导师态度 | J1: 可招生名额/意向 | K1: 面谈/会议安排 | L1: 风险点 | M1: 优先级 | N1: 备注
A2: 1 | B2: 东南大学 | C2: Palm实验室 | D2: 杨旭 | E2: 视觉-语言任务，大型语言模型 | F2: https://yxpalmweb.github.io/ | G2: 已发送（5.12已读） | H2: 46154 | I2: 待回复 | J2: 待确认 | L2: 方向竞争激烈，需突出科研匹配 | M2: 冲刺 | N2: 示例，可替换
A3: 2 | B3: 南开大学 | C3: 计算机科学与技术学院 | D3: 孙国磊 | E3: 计算机视觉、视频理解和多模态大模型方向 | F3: https://guoleisun.github.io/ | G3: 已发送（5.12已读） | H3: 46154 | I3: 待回复 | J3: 待确认 | L3: 若无回复需准备备选导师 | M3: 稳妥 | N3: 示例，可替换
A4: 3 | B4: 中国科学技术大学 | C4: 先研院 | D4: 熊志伟 | E4: 图像处理、计算机视觉 | F4: https://leinao.ustc.edu.cn/2021/0430/c25925a483538/page.htm | G4: 已发送（5.13已读） | H4: 46154 | I4: 待回复 | J4: 待确认
A5: 4 | B5: 南京大学 | C5: 计算机学院 | D5: 王利民 | E5: 计算机视觉和多模态大模型 | F5: https://wanglimin.github.io/ | G5: 已发送 | H5: 46155 | I5: 待回复 | J5: 待确认
A6: 5 | B6: 浙江大学 | C6: 人工智能学院 | D6: 汤斯亮 | E6: 自然语言处理、多模态大模型、具身智能 | F6: 汤斯亮-浙江大学个人主页 | G6: 已发送 | H6: 46155 | I6: 待回复 | J6: 待确认
A7: 6 | B7: 复旦大学 | C7: 未来信息学院 | D7: 王斌 | E7: 高光谱图像 | F7: http://ee.fudan.edu.cn/Data/View/755 | G7: 已发送 | H7: 46155 | I7: 待回复 | J7: 待确认
A8: 7 | B8: 中国科学技术大学 | C8: 自动化系10系 | D8: 张天柱 | E8: 计算机视觉 | F8: 中国科学技术大学 张天柱--中文主页--首页 | G8: 已发送 | H8: 46155 | I8: 待回复 | J8: 待确认
A9: 8 | B9: 厦门大学 | C9: Mac实验室 | D9: 周奕毅 | E9: 视觉与语言学习 | F9: 周奕毅-厦大信息学院（旧） | G9: 已发送（5.13已读） | H9: 46155 | I9: 待回复 | J9: 待确认
A10: 9 | B10: 天津大学 | C10: 智算学院 | D10: 曹兵 | E10: 计算机视觉 | F10: https://bcaosudo.github.io/ | G10: 已发送（5.13已读） | H10: 46155 | I10: 待回复 | J10: 待确认
A11: 10 | B11: 北京大学 | C11: 遥感与地理学院 | D11: 张帆 | E11: 遥感人工智能 | F11: 北京大学遥感与地理信息研究所 | G11: 已发送（5.14已读） | H11: 46156 | I11: 待回复 | J11: 待确认
A12: 11 | B12: 北京大学 | C12: 深圳研究院 | D12: 高伟 | E12: 3D视觉智能、多模态智能及应用 | F12: https://www.ece.pku.edu.cn/info/1046/2483.htm | G12: 已发送 | H12: 46156 | I12: 待回复 | J12: 待确认

Sheet 时间线与待办
A1: 日期 | B1: 院校 | C1: 批次 | D1: 事项 | E1: 优先级 | F1: 状态 | G1: 备注
A2: =IFERROR(INDEX(院校信息总表!$AB$2:$AB$300,ROW()-1),"") -> 2026-05-18 | B2: =IFERROR(INDEX(院校信息总表!$D$2:$D$300,ROW()-1),"") -> 清华大学 | C2: =IFERROR(INDEX(院校信息总表!$L$2:$L$300,ROW()-1),"") -> 夏令营 | D2: =IFERROR(INDEX(院校信息总表!$AA$2:$AA$300,ROW()-1),"") -> 整理导师名单并发送套磁邮件 | E2: =IFERROR(INDEX(院校信息总表!$B$2:$B$300,ROW()-1),"") -> 冲刺 | F2: =IFERROR(INDEX(院校信息总表!$C$2:$C$300,ROW()-1),"") -> 待关注
A3: =IFERROR(INDEX(院校信息总表!$AB$2:$AB$300,ROW()-1),"") -> 2026-08-10 | B3: =IFERROR(INDEX(院校信息总表!$D$2:$D$300,ROW()-1),"") -> 浙江大学 | C3: =IFERROR(INDEX(院校信息总表!$L$2:$L$300,ROW()-1),"") -> 预推免 | D3: =IFERROR(INDEX(院校信息总表!$AA$2:$AA$300,ROW()-1),"") -> 补充项目介绍页与机试刷题计划 | E3: =IFERROR(INDEX(院校信息总表!$B$2:$B$300,ROW()-1),"") -> 稳妥 | F3: =IFERROR(INDEX(院校信息总表!$C$2:$C$300,ROW()-1),"") -> 准备材料
A4: =IFERROR(INDEX(院校信息总表!$AB$2:$AB$300,ROW()-1),"") -> 2026-09-15 | B4: =IFERROR(INDEX(院校信息总表!$D$2:$D$300,ROW()-1),"") -> 南京大学 | C4: =IFERROR(INDEX(院校信息总表!$L$2:$L$300,ROW()-1),"") -> 九推 | D4: =IFERROR(INDEX(院校信息总表!$AA$2:$AA$300,ROW()-1),"") -> 关注推免系统开放与学院通知 | E4: =IFERROR(INDEX(院校信息总表!$B$2:$B$300,ROW()-1),"") -> 保底 | F4: =IFERROR(INDEX(院校信息总表!$C$2:$C$300,ROW()-1),"") -> 待报名
A5: =IFERROR(INDEX(院校信息总表!$AB$2:$AB$300,ROW()-1),"") -> 0 | B5: =IFERROR(INDEX(院校信息总表!$D$2:$D$300,ROW()-1),"") -> 0 | C5: =IFERROR(INDEX(院校信息总表!$L$2:$L$300,ROW()-1),"") -> 0 | D5: =IFERROR(INDEX(院校信息总表!$AA$2:$AA$300,ROW()-1),"") -> 0 | E5: =IFERROR(INDEX(院校信息总表!$B$2:$B$300,ROW()-1),"") -> 0 | F5: =IFERROR(INDEX(院校信息总表!$C$2:$C$300,ROW()-1),"") -> 0
A6: =IFERROR(INDEX(院校信息总表!$AB$2:$AB$300,ROW()-1),"") -> 0 | B6: =IFERROR(INDEX(院校信息总表!$D$2:$D$300,ROW()-1),"") -> 0 | C6: =IFERROR(INDEX(院校信息总表!$L$2:$L$300,ROW()-1),"") -> 0 | D6: =IFERROR(INDEX(院校信息总表!$AA$2:$AA$300,ROW()-1),"") -> 0 | E6: =IFERROR(INDEX(院校信息总表!$B$2:$B$300,ROW()-1),"") -> 0 | F6: =IFERROR(INDEX(院校信息总表!$C$2:$C$300,ROW()-1),"") -> 0
A7: =IFERROR(INDEX(院校信息总表!$AB$2:$AB$300,ROW()-1),"") -> 0 | B7: =IFERROR(INDEX(院校信息总表!$D$2:$D$300,ROW()-1),"") -> 0 | C7: =IFERROR(INDEX(院校信息总表!$L$2:$L$300,ROW()-1),"") -> 0 | D7: =IFERROR(INDEX(院校信息总表!$AA$2:$AA$300,ROW()-1),"") -> 0 | E7: =IFERROR(INDEX(院校信息总表!$B$2:$B$300,ROW()-1),"") -> 0 | F7: =IFERROR(INDEX(院校信息总表!$C$2:$C$300,ROW()-1),"") -> 0
A8: =IFERROR(INDEX(院校信息总表!$AB$2:$AB$300,ROW()-1),"") -> 0 | B8: =IFERROR(INDEX(院校信息总表!$D$2:$D$300,ROW()-1),"") -> 0 | C8: =IFERROR(INDEX(院校信息总表!$L$2:$L$300,ROW()-1),"") -> 0 | D8: =IFERROR(INDEX(院校信息总表!$AA$2:$AA$300,ROW()-1),"") -> 0 | E8: =IFERROR(INDEX(院校信息总表!$B$2:$B$300,ROW()-1),"") -> 0 | F8: =IFERROR(INDEX(院校信息总表!$C$2:$C$300,ROW()-1),"") -> 0
A9: =IFERROR(INDEX(院校信息总表!$AB$2:$AB$300,ROW()-1),"") -> 0 | B9: =IFERROR(INDEX(院校信息总表!$D$2:$D$300,ROW()-1),"") -> 0 | C9: =IFERROR(INDEX(院校信息总表!$L$2:$L$300,ROW()-1),"") -> 0 | D9: =IFERROR(INDEX(院校信息总表!$AA$2:$AA$300,ROW()-1),"") -> 0 | E9: =IFERROR(INDEX(院校信息总表!$B$2:$B$300,ROW()-1),"") -> 0 | F9: =IFERROR(INDEX(院校信息总表!$C$2:$C$300,ROW()-1),"") -> 0
A10: =IFERROR(INDEX(院校信息总表!$AB$2:$AB$300,ROW()-1),"") -> 0 | B10: =IFERROR(INDEX(院校信息总表!$D$2:$D$300,ROW()-1),"") -> 0 | C10: =IFERROR(INDEX(院校信息总表!$L$2:$L$300,ROW()-1),"") -> 0 | D10: =IFERROR(INDEX(院校信息总表!$AA$2:$AA$300,ROW()-1),"") -> 0 | E10: =IFERROR(INDEX(院校信息总表!$B$2:$B$300,ROW()-1),"") -> 0 | F10: =IFERROR(INDEX(院校信息总表!$C$2:$C$300,ROW()-1),"") -> 0
A11: =IFERROR(INDEX(院校信息总表!$AB$2:$AB$300,ROW()-1),"") -> 0 | B11: =IFERROR(INDEX(院校信息总表!$D$2:$D$300,ROW()-1),"") -> 0 | C11: =IFERROR(INDEX(院校信息总表!$L$2:$L$300,ROW()-1),"") -> 0 | D11: =IFERROR(INDEX(院校信息总表!$AA$2:$AA$300,ROW()-1),"") -> 0 | E11: =IFERROR(INDEX(院校信息总表!$B$2:$B$300,ROW()-1),"") -> 0 | F11: =IFERROR(INDEX(院校信息总表!$C$2:$C$300,ROW()-1),"") -> 0
A12: =IFERROR(INDEX(院校信息总表!$AB$2:$AB$300,ROW()-1),"") -> 0 | B12: =IFERROR(INDEX(院校信息总表!$D$2:$D$300,ROW()-1),"") -> 0 | C12: =IFERROR(INDEX(院校信息总表!$L$2:$L$300,ROW()-1),"") -> 0 | D12: =IFERROR(INDEX(院校信息总表!$AA$2:$AA$300,ROW()-1),"") -> 0 | E12: =IFERROR(INDEX(院校信息总表!$B$2:$B$300,ROW()-1),"") -> 0 | F12: =IFERROR(INDEX(院校信息总表!$C$2:$C$300,ROW()-1),"") -> 0
A13: =IFERROR(INDEX(院校信息总表!$AB$2:$AB$300,ROW()-1),"") -> 0 | B13: =IFERROR(INDEX(院校信息总表!$D$2:$D$300,ROW()-1),"") -> 0 | C13: =IFERROR(INDEX(院校信息总表!$L$2:$L$300,ROW()-1),"") -> 0 | D13: =IFERROR(INDEX(院校信息总表!$AA$2:$AA$300,ROW()-1),"") -> 0 | E13: =IFERROR(INDEX(院校信息总表!$B$2:$B$300,ROW()-1),"") -> 0 | F13: =IFERROR(INDEX(院校信息总表!$C$2:$C$300,ROW()-1),"") -> 0
... A100: =IFERROR(INDEX(院校信息总表!$AB$2:$AB$300,ROW()-1),"") -> 0 | B100: =IFERROR(INDEX(院校信息总表!$D$2:$D$300,ROW()-1),"") -> 0 | C100: =IFERROR(INDEX(院校信息总表!$L$2:$L$300,ROW()-1),"") -> 0 | D100: =IFERROR(INDEX(院校信息总表!$AA$2:$AA$300,ROW()-1),"") -> 0 | E100: =IFERROR(INDEX(院校信息总表!$B$2:$B$300,ROW()-1),"") -> 0 | F100: =IFERROR(INDEX(院校信息总表!$C$2:$C$300,ROW()-1),"") -> 0

Sheet 择校评分模型
A1: 院校 | B1: 方向匹配 | C1: 导师匹配 | D1: 城市偏好 | E1: 平台资源 | F1: 录取把握 | G1: 个人发展 | H1: 综合分 | I1: 建议档位
A2: =IFERROR(院校信息总表!D2,"") -> 清华大学 | H2: =IF(A2="","",SUM(B2:G2)) -> 0 | I2: =IF(H2="","",IF(H2>=50,"重点申请",IF(H2>=40,"稳妥申请",IF(H2>=30,"备选观察","谨慎投入")))) -> 谨慎投入
A3: =IFERROR(院校信息总表!D3,"") -> 浙江大学 | H3: =IF(A3="","",SUM(B3:G3)) -> 0 | I3: =IF(H3="","",IF(H3>=50,"重点申请",IF(H3>=40,"稳妥申请",IF(H3>=30,"备选观察","谨慎投入")))) -> 谨慎投入
A4: =IFERROR(院校信息总表!D4,"") -> 南京大学 | H4: =IF(A4="","",SUM(B4:G4)) -> 0 | I4: =IF(H4="","",IF(H4>=50,"重点申请",IF(H4>=40,"稳妥申请",IF(H4>=30,"备选观察","谨慎投入")))) -> 谨慎投入
A5: =IFERROR(院校信息总表!D5,"") -> 0 | H5: =IF(A5="","",SUM(B5:G5)) -> 0 | I5: =IF(H5="","",IF(H5>=50,"重点申请",IF(H5>=40,"稳妥申请",IF(H5>=30,"备选观察","谨慎投入")))) -> 谨慎投入
A6: =IFERROR(院校信息总表!D6,"") -> 0 | H6: =IF(A6="","",SUM(B6:G6)) -> 0 | I6: =IF(H6="","",IF(H6>=50,"重点申请",IF(H6>=40,"稳妥申请",IF(H6>=30,"备选观察","谨慎投入")))) -> 谨慎投入
A7: =IFERROR(院校信息总表!D7,"") -> 0 | H7: =IF(A7="","",SUM(B7:G7)) -> 0 | I7: =IF(H7="","",IF(H7>=50,"重点申请",IF(H7>=40,"稳妥申请",IF(H7>=30,"备选观察","谨慎投入")))) -> 谨慎投入
A8: =IFERROR(院校信息总表!D8,"") -> 0 | H8: =IF(A8="","",SUM(B8:G8)) -> 0 | I8: =IF(H8="","",IF(H8>=50,"重点申请",IF(H8>=40,"稳妥申请",IF(H8>=30,"备选观察","谨慎投入")))) -> 谨慎投入
A9: =IFERROR(院校信息总表!D9,"") -> 0 | H9: =IF(A9="","",SUM(B9:G9)) -> 0 | I9: =IF(H9="","",IF(H9>=50,"重点申请",IF(H9>=40,"稳妥申请",IF(H9>=30,"备选观察","谨慎投入")))) -> 谨慎投入
A10: =IFERROR(院校信息总表!D10,"") -> 0 | H10: =IF(A10="","",SUM(B10:G10)) -> 0 | I10: =IF(H10="","",IF(H10>=50,"重点申请",IF(H10>=40,"稳妥申请",IF(H10>=30,"备选观察","谨慎投入")))) -> 谨慎投入
A11: =IFERROR(院校信息总表!D11,"") -> 0 | H11: =IF(A11="","",SUM(B11:G11)) -> 0 | I11: =IF(H11="","",IF(H11>=50,"重点申请",IF(H11>=40,"稳妥申请",IF(H11>=30,"备选观察","谨慎投入")))) -> 谨慎投入
A12: =IFERROR(院校信息总表!D12,"") -> 0 | H12: =IF(A12="","",SUM(B12:G12)) -> 0 | I12: =IF(H12="","",IF(H12>=50,"重点申请",IF(H12>=40,"稳妥申请",IF(H12>=30,"备选观察","谨慎投入")))) -> 谨慎投入
A13: =IFERROR(院校信息总表!D13,"") -> 0 | H13: =IF(A13="","",SUM(B13:G13)) -> 0 | I13: =IF(H13="","",IF(H13>=50,"重点申请",IF(H13>=40,"稳妥申请",IF(H13>=30,"备选观察","谨慎投入")))) -> 谨慎投入
... A50: =IFERROR(院校信息总表!D50,"") -> 0 | H50: =IF(A50="","",SUM(B50:G50)) -> 0 | I50: =IF(H50="","",IF(H50>=50,"重点申请",IF(H50>=40,"稳妥申请",IF(H50>=30,"备选观察","谨慎投入")))) -> 谨慎投入

Sheet 使用说明
A1: 项目 | B1: 说明
A2: 用途 | B2: 用于集中管理保研目标院校、申请节点、导师方向、材料进度、风险判断和择校评分。
A3: 填写建议 | B3: 先在“院校信息总表”中录入所有候选院校，再按优先级和申请状态筛选。
A4: 时间提醒 | B4: 在“提醒日期”填写下一步行动前的提醒日，7天内事项会在概览看板统计。
A5: 评分模型 | B5: 在“择校评分模型”中按 0-10 分评价各维度，综合分会自动给出申请建议。
A6: 可调整 | B6: 下拉选项保存在隐藏的“选项”工作表中，如需修改可取消隐藏后编辑。
A7: 套磁情况 | B7: 用于记录导师联系进展、回复态度、跟进日期、面谈安排和下一步动作；概览看板会同步统计套磁进度。

Sheet 选项
A1: A | B1: B | C1: C | D1: D | E1: E | F1: F | G1: G | H1: H | J1: J | K1: K
A2: 冲刺 | B2: 待关注 | C2: C9/985 | D2: 高 | E2: 学硕 | F2: 夏令营 | G2: 材料初审 | H2: 高 | J2: 待发送 | K2: 积极
A3: 重点 | B3: 准备材料 | C3: 985 | D3: 中 | E3: 专硕 | F3: 预推免 | G3: 笔试 | H3: 中 | J3: 已发送 | K3: 中性
A4: 稳妥 | B4: 已套磁 | C4: 211 | D4: 低 | E4: 直博 | F4: 九推 | G4: 机试 | H4: 中低 | J4: 已回复 | K4: 待回复
A5: 保底 | B5: 已报名 | C5: 双一流 | D5: 待评估 | E5: 学硕/专硕 | F5: 导师单独招生 | G5: 面试 | H5: 低 | J5: 需跟进 | K5: 婉拒
B6: 已入营/入围 | C6: 中科院 | E6: 直博/硕士 | F6: 其他 | G6: 机试+面试 | H6: 待评估 | J6: 已约面谈 | K6: 无回复
B7: 已面试 | C7: 科研院所 | G7: 笔试+面试 | J7: 积极 | K7: 建议联系其他老师
B8: 拟录取 | C8: 其他 | G8: 材料初审+面试 | J8: 婉拒
B9: 未通过 | J9: 无回复
B10: 放弃 | J10: 暂停
